n,k,p_n,growth_avg,entry,factors,runtime_s,timeout
160,-99,259719129538236162353440794965167848909633281908829867871155437965932786856709320106047872491367,0.91562766190209,2077753036305889298827526359721342791277066255270638942969243503727462294853674560848382979930936,"{2: 3, 259719129538236162353440794965167848909633281908829867871155437965932786856709320106047872491367: 1}",149.34480905532837,2.114715814590454
161,-110,2132760865379539843550720083294093845510903985712284287329244387347946478279143118069757824132897,0.9161130928690684,8531043461518159374202880333176375382043615942849137149316977549391785913116572472279031296531588,"{2: 2, 2132760865379539843550720083294093845510903985712284287329244387347946478279143118069757824132897: 1}",15.979414701461792,0.23002266883850098
162,-105,423710059610411568175042310090632109969571729182985005771922593523576398307741614341396986486101,0.9165102427758262,33896804768832925454003384807250568797565738334638800461753807481886111864619329147311758918888080,"{2: 4, 5: 1, 423710059610411568175042310090632109969571729182985005771922593523576398307741614341396986486101: 1}",15.919782400131226,0.23002266883850098
163,-62,228957944205068168673642655824858219458565485157062520229761614476045189189257962764979668652933,0.9168489064909222,7326654214562181397556564986395463022674095525026000647352371663233446054056254808479349396893856,"{2: 5, 228957944205068168673642655824858219458565485157062520229761614476045189189257962764979668652933: 1}",15.671939611434937,0.23002266883850098
164,-105,3379641112547632214666540484708490831030102413216107022082429904519260437862949482667068433411149,0.9172195104066269,540742578007621154346646477553358532964816386114577123533188784723081670058071917226730949345783840,"{2: 5, 5: 1, 3379641112547632214666540484708490831030102413216107022082429904519260437862949482667068433411149: 1}",15.364520788192749,0.23002266883850098
165,-94,1548552221687299532266377656016906889780316352883052884889566182194743041207259550674180415286047,0.9175290343498905,1926398963779000618139373804085032170886713542986517788802620330650260343261830881038680436615842468,"{2: 2, 311: 1, 1548552221687299532266377656016906889780316352883052884889566182194743041207259550674180415286047: 1}",16.927613496780396,0.23059773445129395
166,-99,73752045441217209427579820599995742779383077447819298948472883238071829383224076070826982281523,0.9177199961109753,8268194310323978914507118527824322731511078046520125966515397994053756648494484720148271329616980484,"{2: 2, 28027: 1, 73752045441217209427579820599995742779383077447819298948472883238071829383224076070826982281523: 1}",16.323039770126343,0.23059773445129395
167,-72,25187117495156401175839572168153716158289054849435990339995458717066606801306088307760967346866831,0.9180255149988394,6447902078760038701014930475047351336521998041455613527038837431569051341134358606786807640797908736,"{2: 8, 25187117495156401175839572168153716158289054849435990339995458717066606801306088307760967346866831: 1}",16.42280101776123,0.23059773445129395
168,-63,47122116483377925146329448697472439892854710960338526431247918051137546525944511337722113008570373,0.918309083176694,6031630909872374418730169433276472306285403002923331383199733510545605955320897451228430465097007744,"{2: 7, 47122116483377925146329448697472439892854710960338526431247918051137546525944511337722113008570373: 1}",16.979729413986206,0.23059773445129395
169,-148,3181455599637556625894588385706082255295505533054870986161020504267021292926550923728126945901309713,0.9186618736649055,559936185536209966157447555884270476932008973817657293564339608750995747555072962576150342478630509488,"{2: 4, 11: 1, 3181455599637556625894588385706082255295505533054870986161020504267021292926550923728126945901309713: 1}",15.809798955917358,0.23059773445129395
170,-135,279968019914291403800804584403042849258171164358807826791445241323632188089995237784960621560058944753,0.9190884301109001,2239744159314331230406436675224342794065369314870462614331561930589057504719961902279684972480471558024,"{2: 3, 279968019914291403800804584403042849258171164358807826791445241323632188089995237784960621560058944753: 1}",17.287941932678223,0.23059773445129395
171,-140,139984043846016739143228531225488107153879252188240933609358985703619477372470380733035773132890271279,0.9194590015153647,8958978806145071305166625998431238857848272140047419750998975085031646551838104366914289480504977361856,"{2: 6, 139984043846016739143228531225488107153879252188240933609358985703619477372470380733035773132890271279: 1}",17.650072813034058,0.23059773445129395
172,-53,73398375999336065249728368728116587596643534546694907574817464884863064355368975909282314744039399,0.919607880585561,124483645694873966663539313362885732563907434591194563246890420444727757146705783142142805805890820704,"{2: 5, 53: 1, 73398375999336065249728368728116587596643534546694907574817464884863064355368975909282314744039399: 1}",17.426700353622437,0.23059773445129395
173,-136,164384859484646799926744939456034778586186941367065209769859255472792374410656910180466013107403951827,0.9199093856196094,143343597470612009536121587205662326927155012872080862919317270772274950486092825677366363429656245993144,"{2: 3, 109: 1, 164384859484646799926744939456034778586186941367065209769859255472792374410656910180466013107403951827: 1}",18.36584186553955,0.23059773445129395
174,-91,2591492362592350944874246264594285087376858913743027680639533684801230417919448560044149934390128763,0.9200764519153581,390641558737170981430343881924942534071187712657623992579603307646937473197177675941055161109968009734620,"{2: 2, 5: 1, 7537: 1, 2591492362592350944874246264594285087376858913743027680639533684801230417919448560044149934390128763: 1}",17.040270566940308,0.23059773445129395
175,-108,559444310293085692341520592765950555146513410710106508930205763103217039731949289356048603875916051722967,0.9204999255190093,2237777241172342769366082371063802220586053642840426035720823052412868158927797157424194415503664206891868,"{2: 2, 559444310293085692341520592765950555146513410710106508930205763103217039731949289356048603875916051722967: 1}",17.33772563934326,0.23059773445129395
176,-65,9328287808351754344596245256895232542857623647474428556621010700040621720478092473493610413329014346797,0.9207911558940889,298505209867256139027079848220647441371443956719181713811872342401299895055298959151795533226528459097504,"{2: 5, 9328287808351754344596245256895232542857623647474428556621010700040621720478092473493610413329014346797: 1}",17.599677085876465,0.23059773445129395
177,-88,4852225339390626024128161156985451415296026975160517968141611031704282802947530763610694659952468802442601,0.921192078798236,19408901357562504096512644627941805661184107900642071872566444126817131211790123054442778639809875209770404,"{2: 2, 4852225339390626024128161156985451415296026975160517968141611031704282802947530763610694659952468802442601: 1}",17.879472255706787,0.23059773445129395
178,-155,9173994463867367362182390566733816731450848053397244881055110165893416753481112785893300108340862982036623,0.9215716965855705,146783911421877877794918249067741067703213568854355918096881762654294668055697804574292801733453807712585968,"{2: 4, 9173994463867367362182390566733816731450848053397244881055110165893416753481112785893300108340862982036623: 1}",17.863295078277588,0.23059773445129395
179,-110,516293424611772439717543579715440677837110892260113816960695838797961283789430063962671389830892368580103,0.921851432638051,572053114469843863207038286324708271043518868624206109192450989388141102438688510870639899932628744386754124,"{2: 2, 277: 1, 516293424611772439717543579715440677837110892260113816960695838797961283789430063962671389830892368580103: 1}",18.816002130508423,0.23059773445129395
180,-87,32506890317016396812104150414830718881579307545228459762006229350625944907321300304333060187745867013994053,0.9221903000432903,1040220490144524697987332813274583004210537841447310712384199339220030237034281609738657926007867744447809696,"{2: 5, 32506890317016396812104150414830718881579307545228459762006229350625944907321300304333060187745867013994053: 1}",17.579981803894043,0.23059773445129395
181,-54,129637839318313476059992448352246380407818755720140832579816542198775113987815074700922960165357162712957,0.9223737822345099,16593643432744124935679033389087536692200800732178026570216517401443214590440329561718138901165716827258496,"{2: 7, 129637839318313476059992448352246380407818755720140832579816542198775113987815074700922960165357162712957: 1}",18.60426139831543,0.23059773445129395
182,-121,13311490687064327145814557155824826605886904083061835541340243276381492041932433690333877645113119192836239,0.9226272690335858,37485157774773145242613792950802711722177521897902128884414125066290281590081733271980199448638543647026849024,"{2: 8, 11: 1, 13311490687064327145814557155824826605886904083061835541340243276381492041932433690333877645113119192836239: 1}",19.488648653030396,0.23059773445129395
183,-138,37576501810251006808801626196570635058711173389436768862724466839111505738489172082689507832144819861493440143,0.9230202101880177,150306007241004027235206504786282540234844693557747075450897867356446022953956688330758031328579279445973760572,"{2: 2, 37576501810251006808801626196570635058711173389436768862724466839111505738489172082689507832144819861493440143: 1}",17.938249349594116,0.23059773445129395
184,-155,37576681313259883119120197582932104008813222624813755770795615657195382871733009817524505564374800882978450713,0.9233795048868951,601226901012158129905923161326913664141011561997020092332729850515126125947728157080392089029996814127655211408,"{2: 4, 37576681313259883119120197582932104008813222624813755770795615657195382871733009817524505564374800882978450713: 1}",18.5448739528656,0.23059773445129395
185,-180,601226901190101306339322413347786699593253658685268498929788593889964817081080277621260655000055814167214388407,0.9237644513177475,2404907604760405225357289653391146798373014634741073995719154375559859268324321110485042620000223256668857553628,"{2: 2, 601226901190101306339322413347786699593253658685268498929788593889964817081080277621260655000055814167214388407: 1}",19.123082399368286,0.23059773445129395
186,-179,150306725297525326582666347745952576292159939039478646161446267046048104934943641921326622760245377656888217991,0.924087604631856,9619630419041620901290646255740964882698236098526633354332561090947078715836393082964903856655704170040845951424,"{2: 6, 150306725297525326582666347745952576292159939039478646161446267046048104934943641921326622760245377656888217991: 1}",19.058104038238525,0.23059773445129395
187,-112,4605937133414580704909380360385849487074980584696805540095636825979196286269987268348627268430864781503717105933,0.9244497646753239,36847497067316645639275042883086795896599844677574444320765094607833570290159898146789018147446918252029736847464,"{2: 3, 4605937133414580704909380360385849487074980584696805540095636825979196286269987268348627268430864781503717105933: 1}",18.926538705825806,0.23059773445129395
188,-101,29296821439556416371696858016326321002863539049492049911797949188463892982439636090573668667633311664592701878829,0.9248177702668998,117187285758225665486787432065305284011454156197968199647191796753855571929758544362294674670533246658370807515316,"{2: 2, 29296821439556416371696858016326321002863539049492049911797949188463892982439636090573668667633311664592701878829: 1}",19.763334035873413,0.23059773445129395
189,-104,362684159474148978724200654261026417767101880715696638745974710418437686342203930127844121776618305850225599359,0.9250653793345704,506307086625911974298984113348392879202874225479112507689380695744139010133716686458470394000159154966914936705164,"{2: 2, 349: 1, 362684159474148978724200654261026417767101880715696638745974710418437686342203930127844121776618305850225599359: 1}",19.878255605697632,0.23059773445129395
190,-175,153914086704665901185195872160311032501542735296962696056202659759855985599262389584545088456322478458343369869827,0.925404370412865,2462625387274654418963133954564976520024683764751403136899242556157695769588198233352721415301159655333493917917232,"{2: 4, 153914086704665901185195872160311032501542735296962696056202659759855985599262389584545088456322478458343369869827: 1}",19.288994550704956,0.23059773445129395
191,-182,1231312693637327475285360945080136212249768141418204060962641196884225399196969853232110146924904431445003159218771,0.9257538061534188,9850501549098619802282887560641089697998145131345632487701129575073803193575758825856881175399235451560025273750168,"{2: 3, 1231312693637327475285360945080136212249768141418204060962641196884225399196969853232110146924904431445003159218771: 1}",18.51598048210144,0.23059773445129395
192,-115,13617486179931425566432751039451348154142600828228973286446853095310896846614865053381261274870767769123335032849,0.9259845454311355,37802141635489637372417316885516942475899859899163629843176464192583049646202865388186381299041251327086378051188824,"{2: 3, 347: 1, 13617486179931425566432751039451348154142600828228973286446853095310896846614865053381261274870767769123335032849: 1}",20.785053253173828,0.23059773445129395
193,-78,631379179300246781931859766682150938437220394911459913504263962117789203349561795275402363772387436628079829088113,0.9262611481167405,12627583586004935638637195333643018768744407898229198270085279242355784066991235905508047275447748732561596581762260,"{2: 2, 5: 1, 631379179300246781931859766682150938437220394911459913504263962117789203349561795275402363772387436628079829088113: 1}",21.01353096961975,0.23059773445129395
194,-115,2719056023374746278923013111755701693127600621676833685974328347309281465670163203795413764873493822942205563641,0.9264044656709457,599018918173550104231855480572228105802782927357893168354888432225623944012999634448944834056690183169459654492366864,"{2: 4, 7: 2, 281: 1, 2719056023374746278923013111755701693127600621676833685974328347309281465670163203795413764873493822942205563641: 1}",20.44743800163269,0.23059773445129395
195,-148,39401942322636090544372387999858977290619183439418549851803542150583261760774053786076864784590953463194512688867073,0.9267029831732416,2521724308648709794839832831990974546599627740122787190515426697637328752689539442308919346213821021644448812087492672,"{2: 6, 39401942322636090544372387999858977290619183439418549851803542150583261760774053786076864784590953463194512688867073: 1}",19.353617906570435,0.23059773445129395
196,-103,55246059892776533159574854093481400508662500516473615677825196847640141574907864375854969096891819610645065460509207,0.9269791706092629,7071495666275396244425581323965619265108800066108622806761625196497938121588206640109436044402152910162568378945178496,"{2: 7, 55246059892776533159574854093481400508662500516473615677825196847640141574907864375854969096891819610645065460509207: 1}",19.264026880264282,0.23059773445129395
197,-158,360246908344351912219835898245774171056833790045072468798824239765615784308563802848494240612367561027986647192987167,0.9272621314152109,40347653734567414168621620603526707158365384485048116505468314853748967842559145919031354948585166835134504485614562704,"{2: 4, 7: 1, 360246908344351912219835898245774171056833790045072468798824239765615784308563802848494240612367561027986647192987167: 1}",21.092095136642456,0.23059773445129395
198,-85,74861126979216042681940826408251939058847351687798684586084510827646566343978678464130003572342907190304527189249,0.9273611565064525,24530494088549512866018369997455995390803100201057872965168172508003226859594933359126119570585323828118987469373112320,"{2: 16, 5: 1, 74861126979216042681940826408251939058847351687798684586084510827646566343978678464130003572342907190304527189249: 1}",20.349837064743042,0.23059773445129395
199,-112,295461122015628990706185766960158481237209943169778450977674979641868259941314690737571954373219090007573881899397,0.92746028408833,565337674553680635849141495987702919267127402940599446328291127446587863517791059774796078073352392573211926217361414976,"{2: 6, 7: 1, 4271: 1, 295461122015628990706185766960158481237209943169778450977674979641868259941314690737571954373219090007573881899397: 1}",21.544787645339966,0.23059773445129395
200,-153,23055786698571145695688900785540069093045313423195016857145109648326181786526117247237971391007655833311814973076717911,0.9277378907190166,2582248110239968317917156887980487738421075103397841888000252280612532360090925131690652795792857453330923276984592406032,"{2: 4, 7: 1, 23055786698571145695688900785540069093045313423195016857145109648326181786526117247237971391007655833311814973076717911: 1}",21.01909852027893,0.23059773445129395
201,-146,46110605667120731572989029877463290500855218467728972308549432036078404524650213267382110374961373148203821611828993269,0.9280007800255125,10328775669435043872349542692551777072191568936771289797115072776081562613521647771893592723991347585197656041049694492256,"{2: 5, 7: 1, 46110605667120731572989029877463290500855218467728972308549432036078404524650213267382110374961373148203821611828993269: 1}",21.058635234832764,0.23059773445129395
202,-79,32058295166199893584908846554261630108916701220031588690054754498502575990730131110043858180378246097676306524716781373,0.9282306091816319,2051730890636793189434166179472744326970668878082021676163504287904164863406728391042806923544207750251283617581874007872,"{2: 6, 32058295166199893584908846554261630108916701220031588690054754498502575990730131110043858180378246097676306524716781373: 1}",20.368589639663696,0.23059773445129395
203,-198,41315998049390537434494543399445031326292149334754524200820049726076980114654434750472856110600301002131909204974047833401,0.9285598864350505,165263992197562149737978173597780125305168597339018096803280198904307920458617739001891424442401204008527636819896191333604,"{2: 2, 41315998049390537434494543399445031326292149334754524200820049726076980114654434750472856110600301002131909204974047833401: 1}",22.397664070129395,0.23059773445129395
204,-77,152302476157470233422897167900273868721261115034600308215662141573347983696472963697443035479980689084863625217399197,0.9286451681144408,20167284682867578428926351384682664600594511808421634412685118138576446609152163960960616986117122925861301796787132069952,"{2: 6, 2069: 1, 152302476157470233422897167900273868721261115034600308215662141573347983696472963697443035479980689084863625217399197: 1}",21.310640335083008,0.23059773445129395
205,-88,24272205297431122161938654291308962553248471030259221843652405222597860875417837992024721686222640512928916303479331754693,0.9289127241614092,388355284758897954591018468660943400851975536484147549498438483561565774006685407872395546979562248206862660855669308075088,"{2: 4, 24272205297431122161938654291308962553248471030259221843652405222597860875417837992024721686222640512928916303479331754693: 1}",21.47603178024292,0.23059773445129395
206,-195,27260039950113344286053481517446819678251702431962736736660956636812279602197251623585709230872679070756378863773060842583,0.9291564799914039,10576895500643977582988750828769366035161660543601541853824451175083164485652533629951255181578599479453474999143947606922204,"{2: 2, 97: 1, 27260039950113344286053481517446819678251702431962736736660956636812279602197251623585709230872679070756378863773060842583: 1}",20.92527413368225,0.23059773445129395
207,-88,172750229027226500663377999136519934854171089849214226176171385789748610466859157816168579657138755200230052381689375198459,0.9294061139674957,5528007328871248021228095972368637915333474875174855237637484345271955534939493050117394549028440166407361676214060006350688,"{2: 5, 172750229027226500663377999136519934854171089849214226176171385789748610466859157816168579657138755200230052381689375198459: 1}",22.349236488342285,0.23059773445129395
208,-103,6055094289799663804678888499808030124379860546527961055636394408025389307986076536309123143910922185113379926709616246207,0.9295748059215652,86418305704020801820377096669260205935149369720047060186042620991338356203577284326203805509896681425938158313999643065866304,"{2: 6, 223: 1, 6055094289799663804678888499808030124379860546527961055636394408025389307986076536309123143910922185113379926709616246207: 1}",22.309372186660767,0.23059773445129395
209,-134,12025449636932414172177073020180414137448960640317588647696722377316213488063351582094856040277578867116530014954367714953041,0.9298452084504545,673425179668215193641916089130103191697141795857784964271016453129707955331547688597311938255544416558525680837444592037370296,"{2: 3, 7: 1, 12025449636932414172177073020180414137448960640317588647696722377316213488063351582094856040277578867116530014954367714953041: 1}",21.16942596435547,0.23059773445129395
210,-157,6043927030443769264991587005741589975556447214479312554845546277957876604963187517551072700158661798671613118704364133305161,0.9300794222187608,2707679309638808630716230978572232309049288352086732024570804732525128719023508007862880569671080485804882677179555131720712128,"{2: 6, 7: 1, 6043927030443769264991587005741589975556447214479312554845546277957876604963187517551072700158661798671613118704364133305161: 1}",22.62368154525757,0.23059773445129395
211,-184,135384262408222909371416155268308338965797211397339889621663132825677759705468144444053403621521635865502989082621767169992561,0.9303397999700332,10830740992657832749713292421464667117263776911787191169733050626054220776437451555524272289721730869240239126609741373599404880,"{2: 4, 5: 1, 135384262408222909371416155268308338965797211397339889621663132825677759705468144444053403621521635865502989082621767169992561: 1}",21.6191143989563,0.23059773445129395
212,-95,151209651157725221469806656210069078278634497200404662621851318364399621181416693068858118371396461010242306538551458340654951,0.9305775790606579,9677417674094414174067625997444421009832607820825898407798484375321575755610668356406919575769373504655507618467293333801916864,"{2: 6, 151209651157725221469806656210069078278634497200404662621851318364399621181416693068858118371396461010242306538551458340654951: 1}",22.036521196365356,0.23059773445129395
213,-88,8436461914526408004945481199718806015176284320119553804224426311789777621210542137624252808689258178006166730822470124695221,0.9307456205105386,15658073313361013257178813106678103964167183698141891860640535234681827264966766207430613212927263178379445452406504551434330176,"{2: 6, 29: 1, 8436461914526408004945481199718806015176284320119553804224426311789777621210542137624252808689258178006166730822470124695221: 1}",23.346164226531982,0.23059773445129395
214,-175,2475597939880363836592262925868111732083640452500332654041441205189999768259945239445461088495365762053360600121422438383169367,0.9309804837235244,693167423166501874245833619243071284983419326700093143131603537453199935112784667044729104778702413374940968033998282747287422760,"{2: 3, 5: 1, 7: 1, 2475597939880363836592262925868111732083640452500332654041441205189999768259945239445461088495365762053360600121422438383169367: 1}",21.340826749801636,0.23059773445129395
215,-78,2276276916828872488775920079056450899959094642512738197186129368886402095767982480460662953559137569075422909220589235526519,0.9310828333584309,42047387207662932612668795700330761024044396236495299978422181702069619513026172379069366078144389175961211979122724358645858968,"{2: 3, 2309: 1, 2276276916828872488775920079056450899959094642512738197186129368886402095767982480460662953559137569075422909220589235526519: 1}",24.151286125183105,0.23059773445129395
216,-185,1386334847058727255156787234187121562134398338312042949094281576316438894742829853949569096115795026963818408620081100355633667033,0.9313697441093434,11090678776469818041254297873496972497075186706496343592754252610531511157942638831596552768926360215710547268960648802845069336264,"{2: 3, 1386334847058727255156787234187121562134398338312042949094281576316438894742829853949569096115795026963818408620081100355633667033: 1}",22.43692111968994,0.23059773445129395
217,-198,1109067877648325923580856349404090594440850837173891053169124867774407442465550207432262452083436669401765857350282036489943555779,0.931629503320217,44362715105933036943234253976163623777634033486955642126764994710976297698622008297290498083337466776070634294011281459597742231160,"{2: 3, 5: 1, 1109067877648325923580856349404090594440850837173891053169124867774407442465550207432262452083436669401765857350282036489943555779: 1}",23.351637601852417,0.23059773445129395
218,-213,11090678776483259438313656107712714807717082834880193567987249574341495818166461078736566688155149616102916401083365434431619241641,0.9319010454521123,177450860423732151013018497723403436923473325358083097087795993189463933090663377259785067010482393857646662417333846950905907866256,"{2: 4, 11090678776483259438313656107712714807717082834880193567987249574341495818166461078736566688155149616102916401083365434431619241641: 1}",23.12006449699402,0.23059773445129395
219,-112,27427076652666029685472583815137102146805040878529139154641465785588615609465908973833807332108738861230758737927847518392900934593,0.932163066628551,438833226442656474967561341042193634348880654056466226474263452569417849751454543581340917313739821779692139806845560294286414953488,"{2: 4, 27427076652666029685472583815137102146805040878529139154641465785588615609465908973833807332108738861230758737927847518392900934593: 1}",23.275826454162598,0.23059773445129395
220,-157,6337340590592120491172945071103160121546722067878769214215777597844641366217350137958520382377226927426804079843069147773259057843,0.9323804308070318,2839128584585269980045479391854215734452931486409688607968668363834399332065372861805417131304997663487208227769694978202420057913664,"{2: 6, 7: 1, 6337340590592120491172945071103160121546722067878769214215777597844641366217350137958520382377226927426804079843069147773259057843: 1}",22.98157835006714,0.23059773445129395
221,-146,7789393204135821457585368795224926111148104892480263150363154443517337825441018206632095418727938233849341665744496288065750278793,0.9325788100864291,11341356505221756042244296965847492417831640723451263146928752869761243873842122508856330929667878068484641465323986595423732405922608,"{2: 4, 7: 1, 13: 1, 7789393204135821457585368795224926111148104892480263150363154443517337825441018206632095418727938233849341665744496288065750278793: 1}",24.14981484413147,0.23059773445129395
222,-197,1419606883389854439899817465430431995792147574602041536197990834587964085917925648657753640038533256088841305052245781023271734822949,0.932831782738016,45427420268475342076794158893773823865348722387265329158335706706814850749373620757048116481233064194842921761671864992744695514334368,"{2: 5, 1419606883389854439899817465430431995792147574602041536197990834587964085917925648657753640038533256088841305052245781023271734822949: 1}",24.636035919189453,0.23059773445129395
223,-202,1665899749476527528645467861351929877509592722313634168505941163605817047193922066665768800417675407877722031726070418864206771233,0.9329647237857358,181709681073901716714533052444823103319236335779081960563954038361468100239724243343635397674358362789670408332552857008032217779010708,"{2: 2, 11: 1, 37: 1, 67: 1, 1665899749476527528645467861351929877509592722313634168505941163605817047193922066665768800417675407877722031726070418864206771233: 1}",24.438926219940186,0.23059773445129395
224,-117,12518174634741185133282176551577134836967780167893352194509665646474450429353968346855702258015326498550061508231064245186487169275769,0.9332055985522761,500726985389647405331287062063085393478711206715734087780386625858978017174158733874228090320613059942002460329242569807459486771030760,"{2: 3, 5: 1, 12518174634741185133282176551577134836967780167893352194509665646474450429353968346855702258015326498550061508231064245186487169275769: 1}",24.5925931930542,0.23059773445129395
225,-170,19644280806891699902809033413102732360257068501105922645222512601551141995797110757909045554791300410956616970387296095821803034948193,0.9334312580744689,2907353559419971585615736945139204389318046138163676551492931865029569015377972392170538742109112460821579311617319822181626849172332564,"{2: 2, 37: 1, 19644280806891699902809033413102732360257068501105922645222512601551141995797110757909045554791300410956616970387296095821803034948193: 1}",24.374918699264526,0.23059773445129395
226,-127,91872741420506888723982768634353758271281748001621357301196200642022830419915155400497773392184209026181851755164026242232023890552969,0.9336574420439333,10289747039096771537086070087047620926383555776181592017733974471906557007030497404855750619924631410932367396578370939129986675741932528,"{2: 4, 7: 1, 91872741420506888723982768634353758271281748001621357301196200642022830419915155400497773392184209026181851755164026242232023890552969: 1}",23.829492330551147,0.23059773445129395
227,-160,44899044859586359474017146972573367942791898979744517530362435413143260433100368957220989554331582283491552027254413133089379969827167,0.933852503491728,46515410474531468415081764263586009188732407343015320161455483088016417808691982239680945178287519245697247900235572005880597648740945012,"{2: 2, 7: 1, 37: 1, 44899044859586359474017146972573367942791898979744517530362435413143260433100368957220989554331582283491552027254413133089379969827167: 1}",22.81194257736206,0.23059773445129395
228,-97,1101011342182815623442722151674011659643851945952604689730225009814552214280825256275604532257470269429576296331309359054803776755674441,0.9340714399005136,22020226843656312468854443033480233192877038919052093794604500196291044285616505125512090645149405388591525926626187181096075535113488820,"{2: 2, 5: 1, 1101011342182815623442722151674011659643851945952604689730225009814552214280825256275604532257470269429576296331309359054803776755674441: 1}",23.274978399276733,0.23059773445129395
229,-220,1075553256761129271564314671369250349173332001088503141292785535449753576414039856921119846194001729509332407737704506110878405989880533,0.9342693828487595,744282853678701455922505752587521241627945744753244173774607590531229474878515580989414933566249196820458026154491518228727856944997328836,"{2: 2, 173: 1, 1075553256761129271564314671369250349173332001088503141292785535449753576414039856921119846194001729509332407737704506110878405989880533: 1}",24.920888662338257,0.23059773445129395
230,-219,67662077607154677811134643078343425681124905305882345378957858775236290670747516614220673779857232266993847855135302694598521873993936251,0.934503566707653,2977131414714805823689924295447110729969495833458823196674145786110396789512890731025709646313718219747729305625953318562334962455733195044,"{2: 2, 11: 1, 67662077607154677811134643078343425681124905305882345378957858775236290670747516614220673779857232266993847855135302694598521873993936251: 1}",24.923628568649292,0.23059773445129395
231,-212,20115752802127066365465416654037414438685004809779848497732545706620366801750971570112020133840693127443396881545218460581961597166281633,0.9347008071905473,11908525658859223288355526659190149347701522847389670310657667058319257146636575169506315919233690331446490953874769328664521265522438726736,"{2: 4, 37: 1, 20115752802127066365465416654037414438685004809779848497732545706620366801750971570112020133840693127443396881545218460581961597166281633: 1}",25.90039587020874,0.23059773445129395
232,-145,210822372828550316457193506545567377343275511301713915647415577547874767246053296413185242215361813758521886867769115894411760906307365637,0.9349096266989404,47224211513595270886411345466207092524893714531583917105021089370723947863115938396553494256241046281908902658380281960348234443012849902688,"{2: 5, 7: 1, 210822372828550316457193506545567377343275511301713915647415577547874767246053296413185242215361813758521886867769115894411760906307365637: 1}",24.657672882080078,0.23059773445129395
233,-126,68259053541231046702226079339361080803390862181306948691014479774031453461572596618615125057533715445351777163923351329802117144071463267,0.9350835602331148,151808135075697847865750800450739043706741277491226653888816203017445952498537454879800038127954983150462352412565533357479908528414934305808,"{2: 4, 139: 1, 68259053541231046702226079339361080803390862181306948691014479774031453461572596618615125057533715445351777163923351329802117144071463267: 1}",24.28776717185974,0.23059773445129395
234,-157,83965827942918192546493421454826213607907779581649526614139208293303994946304207111099080538955203624627644277401687138275280674262659,0.9351499194698774,761747395270883449619353526701386350386863462036037650190451681228182692200305752983087301746421970265427947180747174707392833108346359865808,"{2: 4, 7: 1, 81001: 1, 83965827942918192546493421454826213607907779581649526614139208293303994946304207111099080538955203624627644277401687138275280674262659: 1}",25.147528409957886,0.23059773445129395
235,-184,101972924008613121044148181196999888279694815196149903694337071966771890487516191974209033545475608864385548108718790248461645910694715881,0.9352912673466125,3048582536161497866735854025065508660009756195104097520845901103518612438014784075260953266875538802609670346258256953268009366146129225978376,"{2: 3, 37: 1, 101: 1, 101972924008613121044148181196999888279694815196149903694337071966771890487516191974209033545475608864385548108718790248461645910694715881: 1}",25.258139848709106,0.23059773445129395
236,-181,8239411766543935145906742706037341813497691471424217838943061564712375501163602709039558462628049698668334086066204784977048050481628857743,0.9354709134634801,12194329414485024015941979204935265883976583377707842401635731115774315741722132009378546524689513554029134447377983081766031114712810709459640,"{2: 3, 5: 1, 37: 1, 8239411766543935145906742706037341813497691471424217838943061564712375501163602709039558462628049698668334086066204784977048050481628857743: 1}",24.514766693115234,0.23059773445129395
237,-148,1727579070527574643314331473513266376083424300098462850414668774674634513726011753125537070324360178060692778657210685084551488158052607398549,0.935700287318641,48372213974772090012801281258371458530335880402756959811610725690889766384328329087515037969082084985699397802401899182367441668425473007159372,"{2: 2, 7: 1, 1727579070527574643314331473513266376083424300098462850414668774674634513726011753125537070324360178060692778657210685084551488158052607398549: 1}",26.2829327583313,0.23059773445129395
238,-219,536014517567993171548197888531590625709764308712406136464443027255372286694463861720204994496769884111185007041405864130913519494397632973109,0.9358953553628834,195109284394749514443544031425498987758354208371315833673057261920955512356784845666154617996824237816471342563071734543652521095960738402211676,"{2: 2, 7: 1, 13: 1, 536014517567993171548197888531590625709764308712406136464443027255372286694463861720204994496769884111185007041405864130913519494397632973109: 1}",24.24563241004944,0.23059773445129395
239,-232,214405807027197268638845962317443143484277640426753803150711916475683103036753699546416558886509365860637342459530347237677323715745214750599,0.9360600259516464,780437137578998057845399302835493042282770611153383843468591375971486495053783466348956274346894091732719926552690463945145458325312581692180360,"{2: 3, 5: 1, 7: 1, 13: 1, 214405807027197268638845962317443143484277640426753803150711916475683103036753699546416558886509365860637342459530347237677323715745214750599: 1}",24.857522010803223,0.23059773445129395
240,-205,6600561051260130962527893379897672749738026628314312466823563137913486316961352274353874562366334987306616813686274501861851359104395282137,0.9361628024559624,3121748550315581458989492229809364122334099169914510709809137833202459180579505480860213682020282864916639035266550898204566323991141957477258424,"{2: 3, 59119: 1, 6600561051260130962527893379897672749738026628314312466823563137913486316961352274353874562366334987306616813686274501861851359104395282137: 1}",26.035132884979248,0.23059773445129395
241,-202,1136722113299431328174087572802306812453037362474406263752847435328274717338232765011804983917124177339575711788387906404946105405098829,0.9361405464827314,12486994201239166424271202007730959344557829721558938215559510562051846804991776258369387965395088963042574888962977531265024092369073030734543976,"{2: 3, 11: 2, 13: 1, 37: 1, 23593: 1, 1136722113299431328174087572802306812453037362474406263752847435328274717338232765011804983917124177339575711788387906404946105405098829: 1}",27.056362867355347,0.23059773445129395
242,-213,7784909103032394715559067972246919714279541216723166398884999528341429360117251706549267574553330353503146065707338586538804945281678527136497,0.9362964487185409,49947976805055844495026980109936236886817536446495835615246156973838610774512286949220100758334167548076185157578284371232972528927249430107764752,"{2: 4, 401: 1, 7784909103032394715559067972246919714279541216723166398884999528341429360117251706549267574553330353503146065707338586538804945281678527136497: 1}",26.11095142364502,0.23059773445129395
243,-164,6241508080847920438613103698839940492081251273243389335723612917058203321694748323587811120953577258487873719984387332449700071516722477306335319,0.936516261638688,199728258587133454035619318362878095746600040743788458743155613345862506294231946354809955870514472271611959039500394638390402288535119273802730208,"{2: 5, 6241508080847920438613103698839940492081251273243389335723612917058203321694748323587811120953577258487873719984387332449700071516722477306335319: 1}",25.873960256576538,0.23059773445129395
244,-159,28977796240168429090819106880756673660340815701403949561476268582555752739685095441815917367118342214430817884862441318740507872149111101616963,0.9366525556597551,797932597269277863444794927068515765911144701153859155124810531689255207439968788085843100620970671216567001277572184152838624767497923294124693168,"{2: 4, 1721: 1, 28977796240168429090819106880756673660340815701403949561476268582555752739685095441815917367118342214430817884862441318740507872149111101616963: 1}",25.750767707824707,0.23059773445129395
245,-162,399262591658793984943200360901126653282914144937188438326124045330956230584683803730739979115170104032976347753280921391280590645106834548666706589,0.9368861174047557,3194100733270351879545602887209013226263313159497507506608992362647649844677470429845919832921360832263810782026247371130244725160854676389333652712,"{2: 3, 399262591658793984943200360901126653282914144937188438326124045330956230584683803730739979115170104032976347753280921391280590645106834548666706589: 1}",27.490137577056885,0.23059773445129395
246,-127,2778736974825651299655811845237091552550657952304826519392000775969550072532450680351787027789026379169882305675111085420659746331903204546927127,0.9370421431267247,8358440820275559109364682030473171390072379120532918170331138334116406618177611646498175379589391348543005975470734144945344516966364839277156798016,"{2: 6, 47: 1, 2778736974825651299655811845237091552550657952304826519392000775969550072532450680351787027789026379169882305675111085420659746331903204546927127: 1}",25.50638175010681,0.23059773445129395
247,-146,12323580428015451499481901734093846418980564793580988747914777773530198899359701211387459660024138503177710939485608341559774641331021783303972248423,0.9372802060421033,49294321712061805997927606936375385675922259174323954991659111094120795597438804845549838640096554012710843757942433366239098565324087133215888993692,"{2: 2, 12323580428015451499481901734093846418980564793580988747914777773530198899359701211387459660024138503177710939485608341559774641331021783303972248423: 1}",25.762949228286743,0.23059773445129395
248,-129,4347987668899599387685678989264116307724413547980461187937523784393153522131758060899347452433574924024201226421782494615601895333948432821409139533,0.9374879388367213,139135605404787180405941727656451721847181233535374758014000761100580912708216257948779118477874397568774439245497039827699260650686349850285092465056,"{2: 5, 4347987668899599387685678989264116307724413547980461187937523784393153522131758060899347452433574924024201226421782494615601895333948432821409139533: 1}",26.204458475112915,0.23059773445129395
249,-198,51146728207523028234203171581930036117028834514333983066581023715703280160564956204018370633944204554527609800024307208195515914181542266889144466081,0.9377067337469499,818347651320368451747250745310880577872461352229343729065296379451252482569039299264293930143107272872441756800388915331128254626904676270226311457296,"{2: 4, 51146728207523028234203171581930036117028834514333983066581023715703280160564956204018370633944204554527609800024307208195515914181542266889144466081: 1}",25.87616276741028,0.23059773445129395
250,-161,1010519542049448763580665098375226229227652957835111873723365106217837463736746195941551782013477507506605603306664235699238949115247758504025837573,0.9378626150293233,3265999159903818403892709597948731172863774359723081575873916023296050682797163705283095359467559304261349309887138809779940283540480755485011507035936,"{2: 5, 101: 1, 1010519542049448763580665098375226229227652957835111873723365106217837463736746195941551782013477507506605603306664235699238949115247758504025837573: 1}",27.052266836166382,0.23059773445129395
251,-158,814029338385729892681128177258929073601788446960485359012449616527650187649823566266030560830625787729624497092692412369063982767128506673976110644243,0.9380783682251854,13024469414171678282898050836142865177628615151367765744199193864442403002397177060256488973290012603673991953483078597905023724274056106783617770307888,"{2: 4, 814029338385729892681128177258929073601788446960485359012449616527650187649823566266030560830625787729624497092692412369063982767128506673976110644243: 1}",27.698078870773315,0.23059773445129395
252,-153,12872850931563760165953710432470181411027421289422772499973514694908358104343754108475032909145309292596908202239255020330245390225456155129077685064513,0.938308148840131,51491403726255040663814841729880725644109685157691089999894058779633432417375016433900131636581237170387632808957020081320981560901824620516310740258052,"{2: 2, 12872850931563760165953710432470181411027421289422772499973514694908358104343754108475032909145309292596908202239255020330245390225456155129077685064513: 1}",27.866531372070312,0.23059773445129395
253,-202,52374249706686872006874815741871344747281332897657386784208542586864432081463193582167435516208491940253189490585604507264717177479543068248569928054757,0.9385363673460159,209496998826747488027499262967485378989125331590629547136834170347457728325852774328669742064833967761012757962342418029058868709918172272994279712219028,"{2: 2, 52374249706686872006874815741871344747281332897657386784208542586864432081463193582167435516208491940253189490585604507264717177479543068248569928054757: 1}",27.63360333442688,0.23059773445129395
254,-151,101632376682919984918826767940485953077572324677769873176669396235159917742602195904621081398081335773037884575374693322212359873820543594974742170476059,0.9387547624408832,813059013463359879350614143523887624620578597422158985413355169881279341940817567236968651184650686184303076602997546577698878990564348759797937363808472,"{2: 3, 101632376682919984918826767940485953077572324677769873176669396235159917742602195904621081398081335773037884575374693322212359873820543594974742170476059: 1}",26.182082414627075,0.23059773445129395
255,-216,18217130339594096710459999958482611438025637881328631283071985092375088005350589322206631470142995707486078813866433975870010620633947133541200974208647,0.9389370885400689,3351951982485313794724639992360800504596717370164468156085245256997016192984508435286020190506311210177438501751423851560081954196646272571580979254391048,"{2: 3, 23: 1, 18217130339594096710459999958482611438025637881328631283071985092375088005350589322206631470142995707486078813866433975870010620633947133541200974208647: 1}",26.854178190231323,0.23059773445129395
256,-121,1145475908071913001411717314464654153036109802102894094535408587133334890423342122636863378437106740875557958873899038925227360680910719602088673995347223,0.9391485384019852,4581903632287652005646869257858616612144439208411576378141634348533339561693368490547453513748426963502231835495596155700909442723642878408354695981388892,"{2: 2, 1145475908071913001411717314464654153036109802102894094535408587133334890423342122636863378437106740875557958873899038925227360680910719602088673995347223: 1}",27.990487575531006,0.23059773445129395
257,-122,4763063416818288134151832091743747552563919709622101866352910205375954928270408750107270916633217187629488461955617234070193045252832288164296425620532267,0.9393588711817126,19052253667273152536607328366974990210255678838488407465411640821503819713081635000429083666532868750517953847822468936280772181011329152657185702482129068,"{2: 2, 4763063416818288134151832091743747552563919709622101866352910205375954928270408750107270916633217187629488461955617234070193045252832288164296425620532267: 1}",28.224313497543335,0.23059773445129395
258,-215,582948170866543909820181739176958506463081792527221344354050651930121864952933947568158587580264401395180482163647641099684642134881541562657220301295929,0.9395298890030138,214524926878888158813826880017120730378414099650017454722290639910284846302679692705082360229537299713426417436222331924683948305636407295057857070876901872,"{2: 4, 23: 1, 582948170866543909820181739176958506463081792527221344354050651930121864952933947568158587580264401395180482163647641099684642134881541562657220301295929: 1}",27.485897064208984,0.23059773445129395
259,-190,25958945123124163618794701035791451214057398260857940120836431010179073792882468256947429160715725472204090439486809566454617066981065674329621494227253,0.9396514650944785,858098889989992352582877637439122211331881356910920068634369063472479463297522870701654218336619021209178413567675977028723821766126106930639968113176075168,"{2: 5, 1033: 1, 25958945123124163618794701035791451214057398260857940120836431010179073792882468256947429160715725472204090439486809566454617066981065674329621494227253: 1}",29.020365238189697,0.23059773445129395
260,-227,708320985257678329745894940390907464828052205097813642647668094083279647537019472491425917350820001432059500195899806101174295925505809291949533014723,0.9397193121919223,3432398830065303834562571603624828774842931248715907697069493594343014514746429848266291504520619982619508295477295982000416831378918262806352053871537066752,"{2: 8, 23: 1, 823: 1, 708320985257678329745894940390907464828052205097813642647668094083279647537019472491425917350820001432059500195899806101174295925505809291949533014723: 1}",28.785887956619263,0.23059773445129395
261,-246,53631231719770388398295994973264758162683655055119259608435481590332965249388531492199156360320391871185849673490523497445784935663544546377951524797407709,0.9398915536375545,13729595320261219429963774713155778089647015694110530459759483287125239103843464062002984028242020319023577516413574015346120943529867403872755590348136373504,"{2: 8, 53631231719770388398295994973264758162683655055119259608435481590332965249388531492199156360320391871185849673490523497445784935663544546377951524797407709: 1}",28.359913110733032,0.23059773445129395
262,-205,26815615806983709074453304158273345033930096592040751665603943785307255205280293458199025200827513071915120711729243147917641188966016564014510360084601969,0.940040851652611,54918381172702636184480366916143810629488837820499459411156876872309258660414041002391603611294746771282167217621489966935329155002401923101717217453264832512,"{2: 11, 26815615806983709074453304158273345033930096592040751665603943785307255205280293458199025200827513071915120711729243147917641188966016564014510360084601969: 1}",27.895646333694458,0.23059773445129395
263,-222,74617365870979144113265848200104843921773701634549138687140521717219733173071565127707846725862503530387054057833481570054574344488759933577921634884706037,0.9401855331578711,219673525124162600269454657101108660505701777612112664294941695935494894461522687735971900760939210393459487146261769742240666870174909244453401293100574572928,"{2: 7, 23: 1, 74617365870979144113265848200104843921773701634549138687140521717219733173071565127707846725862503530387054057833481570054574344488759933577921634884706037: 1}",29.089495420455933,0.23059773445129395
264,-189,1615238583677513948649401974167766265437086517990965786258130232070754629897857886034333740579539396011352789813778228382225546646068557532702340467082382853,0.9403469094820027,878689789520567588065274673947264848397775065787085387724422846246490518664434690002677554875269431430175917658695356239930697375461295297790073214092816272032,"{2: 5, 17: 1, 1615238583677513948649401974167766265437086517990965786258130232070754629897857886034333740579539396011352789813778228382225546646068557532702340467082382853: 1}",29.463563919067383,0.23059773445129395
265,-146,1810671474614281105220847174961133900484065921792397942142185405483376235184121258630248069586779645233589005820288756956746414435779113311524252265958419997,0.9404942462252328,3012957333758163759087489699135326810405485693862550175724596514724338055346377774360732787792401329668692105684960491576026033621136444550376355770554810875008,"{2: 7, 13: 1, 1810671474614281105220847174961133900484065921792397942142185405483376235184121258630248069586779645233589005820288756956746414435779113311524252265958419997: 1}",29.055165767669678,0.23059773445129395
266,-183,439319821813215016228465992461108270115443160087737327565458100398128182449455753479070089661391112788274575269155649641921802056299932871000286372441900220091,0.9406826187420138,14058234298022880519310911758755464643694181122807594482094659212740101838382584111330242869164515609224786408612980788541497665801597851872009163918140807042912,"{2: 5, 439319821813215016228465992461108270115443160087737327565458100398128182449455753479070089661391112788274575269155649641921802056299932871000286372441900220091: 1}",29.12914514541626,0.23059773445129395
267,-208,219673524617223242657114810161484736670833765613261614485535655158607440239615270488785057351264315500630504017859639905127687074155735660773002789789337589793,0.940848671580379,56236422302009150120221391401340092587733443996994973308297127720603504701341509245128974681923664768161409028572067815712687890983868329157888714186070422987008,"{2: 8, 219673524617223242657114810161484736670833765613261614485535655158607440239615270488785057351264315500630504017859639905127687074155735660773002789789337589793: 1}",27.04225182533264,0.23059773445129395
268,-249,56236422431789954785129351770648200218699574895474698776964098390838490458274961968284775582968817976264156233962647873363172252877074400869967809516660092221553,0.9410554625696925,224945689727159819140517407082592800874798299581898795107856393563353961833099847873139102331875271905056624935850591493452689011508297603479871238066640368886212,"{2: 2, 56236422431789954785129351770648200218699574895474698776964098390838490458274961968284775582968817976264156233962647873363172252877074400869967809516660092221553: 1}",27.573883056640625,0.23059773445129395
269,-254,554053422973300047144154858420904530955446766580751908586302995770811566560457392251917779979097935414051649606974096562691235985352712499451389727114084808027,0.9412008919116055,899782758908639276562107490075548958271645548927141099544156065131797984094182805017114474686055047112419878961725932817810567240212805099109056916833273728235848,"{2: 3, 7: 1, 29: 1, 554053422973300047144154858420904530955446766580751908586302995770811566560457392251917779979097935414051649606974096562691235985352712499451389727114084808027: 1}",29.197526216506958,0.23059773445129395
270,-167,27900462166889239488697039786362803188714920673391541636386876313335235549330217990884326509191540032467956070051369625875825094516077047350841675634307928786329,0.9413705784861596,3571259157361822654553221092654438808155509846194117329457520168106910150314267902833193793176517124155898376966575312112105612098057862060907734481191414884650112,"{2: 7, 27900462166889239488697039786362803188714920673391541636386876313335235549330217990884326509191540032467956070051369625875825094516077047350841675634307928786329: 1}",28.57458233833313,0.23059773445129395
271,-238,103757236959022054342626153729253175607813612985280338473085939370014959444147803500746411481901964959114460720919179438334894307656656641669711900318960553137,0.9414706247642546,14396524142538228084148064082241336621935354428933617523817620259468315652794396031335566085936861442007049653948977985427843254975976422344955865593056414668865024,"{2: 9, 271: 1, 103757236959022054342626153729253175607813612985280338473085939370014959444147803500746411481901964959114460720919179438334894307656656641669711900318960553137: 1}",30.92185378074646,0.23059773445129395
272,-221,899782758900058630430468504884908898939867747397278470830608097189369997490183118769882347856325311701556937201462653571363217820851056456840642663442813017964563,0.9416452569828979,57586096569603752347549984312634169532151535833425822133158918220119679839371719601272470262804819948899643980893609828567245940534467613237801130460340033149732032,"{2: 6, 899782758900058630430468504884908898939867747397278470830608097189369997490183118769882347856325311701556937201462653571363217820851056456840642663442813017964563: 1}",30.053516149520874,0.23059773445129395
273,-214,276856233293434242383100550932777588478510417942741212227457903570880953090683982759978026740334223417405988877468165536512221150293751111273964517320928270147969,0.9417939323305348,230344386100137289662739658376070953614120667728360688573244975770972952971449073656301718247958073883281782746053513726378167997044400924579938478411012320763110208,"{2: 6, 13: 1, 276856233293434242383100550932777588478510417942741212227457903570880953090683982759978026740334223417405988877468165536512221150293751111273964517320928270147969: 1}",30.218513250350952,0.23059773445129395
274,-269,307947040482101142780614400526097085065912089751200343428344351235087405840132565556076468552500844401000727459661563673580070874369926387576551930756550268328001,0.94192946186476,921377545122446619199598286374082478517208972535591427537606298895381518273676636143780793909082526447794176559307398511351572056114819751629043376823598402837378992,"{2: 4, 11: 1, 17: 1, 307947040482101142780614400526097085065912089751200343428344351235087405840132565556076468552500844401000727459661563673580070874369926387576551930756550268328001: 1}",29.761305809020996,0.23059773445129395
275,-268,6774834890606225141173516811572502278198015013574396680831216335398617329151907603978668142246096783935124807379323548375243201310628687467252217390229891019593029,0.9420805450590286,3685510180489786476798393145495441239339720167384471794372181686456847827058637736564395469381876650460707895214352010316132301512982005982185206260285060714658607776,"{2: 5, 17: 1, 6774834890606225141173516811572502278198015013574396680831216335398617329151907603978668142246096783935124807379323548375243201310628687467252217390229891019593029: 1}",30.025549173355103,0.23059773445129395
276,-193,230340565783768750794926635963115677167751568728179329435348479239298071962873606968052273278909662451433059117637713145060025249339051160407975777944718782478464413,0.9422510155169067,14741796210161200050875304701639403338736100398603477083862302671315076605623910845955345489850218396891715783528813641283841615957699274266110449788462002078621722432,"{2: 6, 230340565783768750794926635963115677167751568728179329435348479239298071962873606968052273278909662451433059117637713145060025249339051160407975777944718782478464413: 1}",30.26316547393799,0.23059773445129395
277,-124,4551392190623689253707057910958470302594926860882940723405249585042630615729500357281297024746800898359675860003700294004000678672460477071176829991656617470669,0.9423055308396563,10763277896937000305222569173687741242626166078275526476811883186695534244256825788910244205626026662069708983364270573670068932946352054913185245222829302006397112608,"{2: 5, 67: 1, 1103: 1, 4551392190623689253707057910958470302594926860882940723405249585042630615729500357281297024746800898359675860003700294004000678672460477071176829991656617470669: 1}",30.97563624382019,0.23059773445129395
278,-127,853260065774820884514093593373770673947204882498695699082484281284793931466451174334382919532171715474782428401306083552405689800648229334596270370805753322699923693,0.9424605908646507,54608644209588536608901989975921323132621112479916524741278994002226811613852875157400506850058989790386075417683589347353964147241486677414161303731568212652795116352,"{2: 6, 853260065774820884514093593373770673947204882498695699082484281284793931466451174334382919532171715474782428401306083552405689800648229334596270370805753322699923693: 1}",30.740848064422607,0.23059773445129395
279,-186,14738164035054678849746018755674202133019205394514044997101184472303099030769458617696473989108130304486413262274734112676082671368274749467703594048369227385565570407,0.9426282827677918,943242498243499446383745200363148936513229145248898879814475806227398337969245351532574335302920339487130448785582983211269290967569583965933030019095630552676196506048,"{2: 6, 14738164035054678849746018755674202133019205394514044997101184472303099030769458617696473989108130304486413262274734112676082671368274749467703594048369227385565570407: 1}",31.092692852020264,0.23059773445129395
280,-183,7365857608999182770321716637151301954438220780420580031901797206616157761022145146835732166848749337576950529258453454150017313714888051711466349950387479356147983141,0.9427757773520704,3771319095807581578404718918221466600672369039575336976333720169787472773643338315179894869426559660839398670980328168524808864622022682476270771174598389430347767368192,"{2: 9, 7365857608999182770321716637151301954438220780420580031901797206616157761022145146835732166848749337576950529258453454150017313714888051711466349950387479356147983141: 1}",30.75320339202881,0.23059773445129395
281,-106,225787742963636933889734362404122757072345800461345794306086343710608368278935019953472779967347308051277243029346205075909478362990708815542963775691641062542353,0.9428148181670019,191941257142415902951927622542295139296172875588988214356426776443013331440449544722367396359122077185158579190275091550210343918464949601257811333860361300703004115888,"{2: 4, 13: 1, 61: 1, 67: 1, 225787742963636933889734362404122757072345800461345794306086343710608368278935019953472779967347308051277243029346205075909478362990708815542963775691641062542353: 1}",31.443005561828613,0.23059773445129395
282,-191,471697127501384684182175024310806712452355177022376817494728206423405824408510818576051275509508598578823462774742947357130690258231788521367688543505284291269234572599,0.9429735897027351,60377232320177239575318403111783259193901462658864232639325210422195945524289384777734563265217100618089403235167097261712728353053668930735064133568676389282462025292672,"{2: 7, 471697127501384684182175024310806712452355177022376817494728206423405824408510818576051275509508598578823462774742947357130690258231788521367688543505284291269234572599: 1}",31.166239261627197,0.23059773445129395
283,-266,124759088423852606685671216395196849813563484664313931951532360272759410007497066249199961996163132621415533354673026061930307794419348415103368124504575439315152718427,0.9431069293935227,241533595188578646543459474941101101239058906310111772258166649488062217774514320258451126424571824755060472574646978455897075889995858531640120689040858050514135662874672,"{2: 4, 11: 2, 124759088423852606685671216395196849813563484664313931951532360272759410007497066249199961996163132621415533354673026061930307794419348415103368124504575439315152718427: 1}",31.6735782623291,0.23059773445129395
284,-281,241533595188578646543459493183249207958660453267562151643658150421986706591753187008886944253881339628995204814735084968655581841419393943628267326204391143793839728903237,0.9432948587732618,966134380754314586173837972732996831834641813070248606574632601687946826367012748035547777015525358515980819258940339874622327365677575774513069304817564575175358915612948,"{2: 2, 241533595188578646543459493183249207958660453267562151643658150421986706591753187008886944253881339628995204814735084968655581841419393943628267326204391143793839728903237: 1}",30.052083253860474,0.23059773445129395
285,-204,149398060153984893257866891422192071955471716700781007130889484233735928302816658695860734702929643369026835469369955466675314953080910461555198887999167011316482411,0.9433422413492942,3864528624566857740946231460758228804271788290622180167625057220424875922793441834349881866881663645949642193888226591401883441394648521447679719741109716808503162331567808,"{2: 6, 404177: 1, 149398060153984893257866891422192071955471716700781007130889484233735928302816658695860734702929643369026835469369955466675314953080910461555198887999167011316482411: 1}",31.640928745269775,0.23059773445129395
286,-259,3864537523017258344685573023215505348094222407385506489877729333016914035950502332235417873472862829382947064012346916767734103963908099820843203661288855075223615287127947,0.9435281198638196,15458150092069033378742292092862021392376889629542025959510917332067656143802009328941671493891451317531788256049387667070936415855632399283372814645155420300894461148511788,"{2: 2, 3864537523017258344685573023215505348094222407385506489877729333016914035950502332235417873472862829382947064012346916767734103963908099820843203661288855075223615287127947: 1}",31.000974655151367,0.23059773445129395
287,-192,241489448713681200434973439901196788687968755607677761977350531845203548560805522342967983368639007914597661918752867023808356833579745709835949916468085658065398298338413,0.9436763224369019,61821298870702387311353200614706377904120001435565507066201736152372108431566213719799803742371586026137001451200733958094939349396414901718003178615829928464741964374633728,"{2: 8, 241489448713681200434973439901196788687968755607677761977350531845203548560805522342967983368639007914597661918752867023808356833579745709835949916468085658065398298338413: 1}",31.459208011627197,0.23059773445129395
288,-191,482928786863183594660139682864523140964573915241705446798894847333806035165853401114225419148387007857879609942411936313349229029963072495377581730819520172632838723610951,0.943817634797475,247259538873950000465991517626635848173861844603753188761034161834908690004916941370483414603974148023234360290514911392434805263341093117633321846179594328388013426488806912,"{2: 9, 482928786863183594660139682864523140964573915241705446798894847333806035165853401114225419148387007857879609942411936313349229029963072495377581730819520172632838723610951: 1}",32.06741404533386,0.23059773445129395
289,-224,247330401216984274356162292931374664478541773006579581550894916234368147666883630693826158280609239469659202949735865544306125170326954414393931112885914152501505496588608913,0.9440000644085045,989321604867937097424649171725498657914167092026318326203579664937472590667534522775304633122436957878636811798943462177224500681307817657575724451543656610006021986354435652,"{2: 2, 247330401216984274356162292931374664478541773006579581550894916234368147666883630693826158280609239469659202949735865544306125170326954414393931112885914152501505496588608913: 1}",31.746204614639282,0.23059773445129395
290,-225,71586223229630611739349723555494745174224663928727543778371862403682205476248356102553491499765294493484486210625220337017383157030311076173655832208151766559371467413143,0.9440995025336325,3957286420133980216951252718147749513231139421980058620068396553675552318727009125349157010107025479599822397723362180230320940920635596290879694404466629655402054718598545040,"{2: 4, 5: 1, 691: 1, 71586223229630611739349723555494745174224663928727543778371862403682205476248356102553491499765294493484486210625220337017383157030311076173655832208151766559371467413143: 1}",31.195369482040405,0.23059773445129395
291,-280,494660802946209068121005042038217188636378153091562553525087270571997754291395814646093725498505504396862953281174198462488793962222796509422066168458801865893821155947276979,0.9442620779019291,15829145694278690179872161345222950036364100898930001712802792658303928137324666068674999215952176140699614504997574350799641406791129488301506117390681659708602276990312863328,"{2: 5, 494660802946209068121005042038217188636378153091562553525087270571997754291395814646093725498505504396862953281174198462488793962222796509422066168458801865893821155947276979: 1}",31.48564076423645,0.23059773445129395
292,-211,4756349916699644235642905467544010797124059360633428168164430061913917865671695631561690766809613391632505634537391854827449311445801296850434147757715053442030960873701043,0.944372619898473,63316530091105664064878357583945871731315478208752195774604892984198074627821612247349227487769573469411915006961760371463005233966506863672979374950702791420316151150708284416,"{2: 10, 13: 1, 4756349916699644235642905467544010797124059360633428168164430061913917865671695631561690766809613391632505634537391854827449311445801296850434147757715053442030960873701043: 1}",33.33281922340393,0.23059773445129395
293,-260,7914572847139345088838303228900255631506692917949258054821578858894967185250278225045346591219724977400044115219056828687071745993359703829431451738438021457089247961436181239,0.9445333535397472,253266331108459042842825703324808180208214173374376257754290523484638949928008903201451090919031199276801411687009818517986295871787510522541806455630016686626855934765957799648,"{2: 5, 7914572847139345088838303228900255631506692917949258054821578858894967185250278225045346591219724977400044115219056828687071745993359703829431451738438021457089247961436181239: 1}",32.124640226364136,0.23059773445129395
294,-193,1977786891565435624322103101007492341657882721200994616829416137265768056937190118982879974879085848508272424503010578403016828797787451513151804460620999925775411568562643971,0.9446699503490149,1012626888481503039652916787715836078928835953254909243816661062280073245151841340919234547138091954436235481345541416142344616344467175174733723883837951961997010723104073713152,"{2: 9, 1977786891565435624322103101007492341657882721200994616829416137265768056937190118982879974879085848508272424503010578403016828797787451513151804460620999925775411568562643971: 1}",32.89127850532532,0.23059773445129395
295,-258,72361808888131154904173226591582136849473585567605242815441100354225275625516061555579722615476535002947722088229961627107284054286840184263659360446930637378393181633529201181,0.9448241438242923,4052261297735344674633700689128599663570520791785893597664701619836615435028899447112464466466685960165072436940877851118007907040063050318764924185028115693190018171477635266136,"{2: 3, 7: 1, 72361808888131154904173226591582136849473585567605242815441100354225275625516061555579722615476535002947722088229961627107284054286840184263659360446930637378393181633529201181: 1}",33.876665353775024,0.23059773445129395
296,-131,37700947097003054071445913957604715487846196412929022852296701901989318702001109482764412464338375487640849205101875777557655503683108111650149341292777338566702019572293293963,0.9449606264543349,2412860614208195460572538493286701791222156570427457462546988921727316396928071006896922397717656031209014349126520049763689952235718919145609557842737749668268929252626770813632,"{2: 6, 37700947097003054071445913957604715487846196412929022852296701901989318702001109482764412464338375487640849205101875777557655503683108111650149341292777338566702019572293293963: 1}",33.04325580596924,0.23059773445129395
297,-246,578894471105012717586974743588655445528112990517986666672931001319654572628046760191499546915794449245934060305445929605836513257542961724472593564488637709600334945263303856661,0.9451073577003759,64836180763761424369741171281929409899148654938014506667368272147801312134341237141447949254568978315544614754209944115853689484844811713140930479222727423475237513869490031946032,"{2: 4, 7: 1, 578894471105012717586974743588655445528112990517986666672931001319654572628046760191499546915794449245934060305445929605836513257542961724472593564488637709600334945263303856661: 1}",33.5267870426178,0.23059773445129395
298,-281,87337452737155243218631793535446206293012883350758026429376107077629740110831654571273926748711383937457706722045621097588285302228265521754592489304065957095510023485858529,0.9451704981421671,259344723055062059907025491104591949954024864543208526128869457418310097550549721656596789427521511301387411972018701841960119320413536423167305194918894480693004812300223524090224,"{2: 4, 7: 1, 26513: 1, 87337452737155243218631793535446206293012883350758026429376107077629740110831654571273926748711383937457706722045621097588285302228265521754592489304065957095510023485858529: 1}",32.09406805038452,0.23059773445129395
299,-290,820711148908424240212105985698402012396067021476534799745555477356502983823791078969190384035757291725553415064282017025008622416084239743640864032857369265600195244172104138043,0.9452962476380498,1037378892220248239628101965922780143668628715146339986878382123378619771553271923817056645421197216741099516641252469519610898733930479035962052137531714751718646788633539630486352,"{2: 4, 79: 1, 820711148908424240212105985698402012396067021476534799745555477356502983823791078969190384035757291725553415064282017025008622416084239743640864032857369265600195244172104138043: 1}",33.09615230560303,0.23059773445129395
300,-189,32331909554269889400695401082167030453259800732452174029598305639756270526845203304591267069518891617038741823639275906252719720199810152344336312336759493683342437538825399609269,0.9454396832548503,4138484422946545843289011338517379898017254493753878275788583121888802627436186022987682184898418126980958953425827316000348124185575699500075047979105215191467832004969651149986432,"{2: 7, 32331909554269889400695401082167030453259800732452174029598305639756270526845203304591267069518891617038741823639275906252719720199810152344336312336759493683342437538825399609269: 1}",33.842180490493774,0.23059773445129395
301,-170,744675907078316053562751149010065764396094638251764147906034685742079629383790389693412277772422845303229802723817559354301587226111668042527248086826285086128074787082118543721,0.9455412343859786,15286707020503671947536155586878630011523030734032214428215080028913410631990449119626367238112296168384701390314526858425102982577620321576999348726369980248037119229221729465504688,"{2: 4, 1283: 1, 744675907078316053562751149010065764396094638251764147906034685742079629383790389693412277772422845303229802723817559354301587226111668042527248086826285086128074787082118543721: 1}",34.02896332740784,0.23059773445129395
302,-215,1185573611843978477137453701855532786958634686527549915283123978357387757701032514611322019617816257216409100135975355214315032432392089680923609652005564911789615753250126590618261,0.9456897242370411,66392122263262794719697407303909836069683542445542795255854942788013714431257820818234033098597710404118909607614619892001641816213957022131722140512311635060218482182007089074622616,"{2: 3, 7: 1, 1185573611843978477137453701855532786958634686527549915283123978357387757701032514611322019617816257216409100135975355214315032432392089680923609652005564911789615753250126590618261: 1}",33.1540253162384,0.23059773445129395
